<?xml version="1.0" encoding="UTF-8"?>
<configuration>
    <include resource="org/springframework/boot/logging/logback/defaults.xml" />
    <include resource="org/springframework/boot/logging/logback/console-appender.xml" />
    <property name="LOG_FILE" value="logs/cold-netty-server.log" /> <!-- log目录 -->
    <appender name="ROLLING" class="ch.qos.logback.core.rolling.RollingFileAppender">
        <encoder>
            <pattern>%d{yyyy-MM-dd HH:mm:ss.SSS} %-5level [%thread] %logger{36}[%L] - %msg%n </pattern> <!-- log打印的格式 -->
        </encoder>
        <file>${LOG_FILE}</file>
        <rollingPolicy class="ch.qos.logback.core.rolling.TimeBasedRollingPolicy">
            <fileNamePattern>${LOG_FILE}.%d{yyyyMMdd}.%i</fileNamePattern> <!-- log文件名格式 -->
            <maxHistory>30</maxHistory> <!-- 磁盘保留log文件最大个数 -->
            <timeBasedFileNamingAndTriggeringPolicy class="ch.qos.logback.core.rolling.SizeAndTimeBasedFNATP">
                <maxFileSize>512MB</maxFileSize> <!-- 单个log文件的最大文件大小 -->
            </timeBasedFileNamingAndTriggeringPolicy>
        </rollingPolicy>
    </appender>
    <root level="INFO">
        <appender-ref ref="CONSOLE" />
        <appender-ref ref="ROLLING" />
    </root>
</configuration>